{"stats":{"minecraft:picked_up":{"vivamc:vivabucks":5,"minecraft:coal":20},"minecraft:dropped":{"vivamc:vivabucks":5},"minecraft:used":{"vivamc:viva_block":65,"minecraft:blast_furnace":1,"minecraft:crafting_table":5,"minecraft:furnace":1},"minecraft:crafted":{"vivamc:vivabucks":20,"vivamc:viva_block":65,"minecraft:air":0},"minecraft:custom":{"minecraft:jump":9,"minecraft:time_since_rest":4372,"minecraft:crouch_one_cm":168,"minecraft:interact_with_blast_furnace":4,"minecraft:leave_game":1,"minecraft:interact_with_furnace":6,"minecraft:play_time":4372,"minecraft:time_since_death":4372,"minecraft:walk_one_cm":2780,"minecraft:sneak_time":247,"minecraft:total_world_time":4419,"minecraft:drop":5,"minecraft:interact_with_crafting_table":3,"minecraft:fly_one_cm":14072}},"DataVersion":3465}