{"stats":{"minecraft:dropped":{"vivamc:vivabucks":1054},"minecraft:custom":{"minecraft:jump":22,"minecraft:time_since_rest":5677,"minecraft:crouch_one_cm":107,"minecraft:leave_game":1,"minecraft:sprint_one_cm":3031,"minecraft:play_time":5677,"minecraft:walk_on_water_one_cm":6184,"minecraft:time_since_death":5677,"minecraft:walk_one_cm":8992,"minecraft:sneak_time":396,"minecraft:total_world_time":5718,"minecraft:drop":1054,"minecraft:fly_one_cm":60571},"minecraft:picked_up":{"vivamc:vivabucks":965}},"DataVersion":3465}