{
	"schemaVersion": 1,
	"id": "vivamc",
	"version": "${version}",
	"name": "VivaMC",
	"description": "My first and test mod for second Viva project",
	"authors": [
		"Me!"
	],
	"contact": {
		"homepage": "https://fabricmc.net/",
		"sources": "https://github.com/FabricMC/fabric-example-mod"
	},
	"license": "MIT",
	"icon": "assets/vivamc/icon.png",
	"environment": "*",
	"entrypoints": {
		"main": [
			"com.yori.vivamc.VivaMC"
		],
		"client": [
			"com.yori.vivamc.VivaMCClient"
		],
		"fabric-datagen": [
			"com.yori.vivamc.VivaMCDataGenerator"
		]
	},
	"mixins": [
		"vivamc.mixins.json"
	],
	"depends": {
		"fabricloader": ">=0.16.10",
		"minecraft": "~1.20.1",
		"java": ">=17",
		"fabric-api": "*"
	},
	"suggests": {
		"another-mod": "*"
	}
}